{
  "baseline": {
    "violation": 0.004448242019861937,
    "diversity": 0.47269482421875,
    "cycle": 0.06840331852436066,
    "connectedness": 0.9813721934861124,
    "hf_coherence": -0.31409942110379535,
    "hf_noise_index": 399.45675540888254,
    "energy_gap_low": 0.7889536266940753,
    "energy_gap_mid": 2.307188052659294,
    "energy_gap_high": 1.588147418866639,
    "energy_mono_rate": 1.0,
    "e_core_start": 0.10192914586514235,
    "e_core_end": 0.028763742418959737,
    "e_core_drop": 0.07316540344618261,
    "converge_step": 15,
    "hue_var": 0.04430979862809181,
    "color_kl": 0.34958793719609577,
    "act_rate_kl": 0.08527928590774536
  },
  "marginal_lam0.3": {
    "violation": 0.003625488141551614,
    "diversity": 0.3944765625,
    "cycle": 0.07643798738718033,
    "connectedness": 0.9968829442107571,
    "hf_coherence": -0.3133239150047302,
    "hf_noise_index": 383.6447545879425,
    "energy_gap_low": 1.4231954649755165,
    "energy_gap_mid": 1.8030567825662303,
    "energy_gap_high": 1.3321127456925033,
    "energy_mono_rate": 1.0,
    "e_core_start": 0.09617594722658396,
    "e_core_end": 0.02472177380695939,
    "e_core_drop": 0.07145417341962457,
    "converge_step": 12,
    "hue_var": 0.02313251420855522,
    "color_kl": 0.7798168460528055,
    "act_rate_kl": 0.23559609055519104,
    "prior_type": "marginal",
    "lambda_global": 0.3,
    "e_global_start": 7.309400796890259,
    "e_global_end": 7.480342864990234
  },
  "marginal_lam1.0": {
    "violation": 0.0020239257719367743,
    "diversity": 0.207599609375,
    "cycle": 0.09072509407997131,
    "connectedness": 0.9998967630965372,
    "hf_coherence": -0.3134765625,
    "hf_noise_index": 383.0291283682519,
    "energy_gap_low": 2.093875882616342,
    "energy_gap_mid": 0.26793779192133677,
    "energy_gap_high": 0.04420719071522189,
    "energy_mono_rate": 0.9473684210526315,
    "e_core_start": 0.08206521440297365,
    "e_core_end": 0.01792463380843401,
    "e_core_drop": 0.06414058059453964,
    "converge_step": 11,
    "hue_var": 0.009881364181637764,
    "color_kl": 1.7721953789393108,
    "act_rate_kl": 0.6477038860321045,
    "prior_type": "marginal",
    "lambda_global": 1.0,
    "e_global_start": 7.5014854073524475,
    "e_global_end": 7.838789165019989
  },
  "marginal_lam3.0": {
    "violation": 0.0007617187220603228,
    "diversity": 0.0633955078125,
    "cycle": 0.08175292611122131,
    "connectedness": 1.0,
    "hf_coherence": -0.3134675820668538,
    "hf_noise_index": 704.0589877216944,
    "energy_gap_low": 2.3412601265439057,
    "energy_gap_mid": 0.9173761140575527,
    "energy_gap_high": 0.9408176802858149,
    "energy_mono_rate": 0.47368421052631576,
    "e_core_start": 0.050105240661650896,
    "e_core_end": 0.014941905625164509,
    "e_core_drop": 0.03516333503648639,
    "converge_step": 8,
    "hue_var": 0.0031432765536010265,
    "color_kl": 3.2797724405924478,
    "act_rate_kl": 1.388033390045166,
    "prior_type": "marginal",
    "lambda_global": 3.0,
    "e_global_start": 7.885000705718994,
    "e_global_end": 7.874957978725433
  },
  "channel_stats_lam0.3": {
    "violation": 0.004462890326976776,
    "diversity": 0.47572900390625,
    "cycle": 0.06842773407697678,
    "connectedness": 0.9796931909812985,
    "hf_coherence": -0.31398630142211914,
    "hf_noise_index": 399.1594299129972,
    "energy_gap_low": 0.7901471098655076,
    "energy_gap_mid": 2.3089536975904443,
    "energy_gap_high": 1.5906244052137701,
    "energy_mono_rate": 1.0,
    "e_core_start": 0.10192864201962948,
    "e_core_end": 0.028755292296409607,
    "e_core_drop": 0.07317334972321987,
    "converge_step": 15,
    "hue_var": 0.044164273887872696,
    "color_kl": 0.3502672215302785,
    "act_rate_kl": 0.0854707732796669,
    "prior_type": "channel_stats",
    "lambda_global": 0.3,
    "e_global_start": 0.07502973452210426,
    "e_global_end": 0.04440267477184534
  },
  "channel_stats_lam1.0": {
    "violation": 0.004467773251235485,
    "diversity": 0.47400341796875,
    "cycle": 0.06838134676218033,
    "connectedness": 0.9796697611807273,
    "hf_coherence": -0.31415273745854694,
    "hf_noise_index": 399.3080591442328,
    "energy_gap_low": 0.792531960478588,
    "energy_gap_mid": 2.3108896477121474,
    "energy_gap_high": 1.59054105177528,
    "energy_mono_rate": 1.0,
    "e_core_start": 0.10192778147757053,
    "e_core_end": 0.02874464658088982,
    "e_core_drop": 0.07318313489668071,
    "converge_step": 15,
    "hue_var": 0.04436837136745453,
    "color_kl": 0.3517398138840993,
    "act_rate_kl": 0.08589614182710648,
    "prior_type": "channel_stats",
    "lambda_global": 1.0,
    "e_global_start": 0.07507602591067553,
    "e_global_end": 0.04460393264889717
  },
  "channel_stats_lam3.0": {
    "violation": 0.004509277176111937,
    "diversity": 0.4732685546875,
    "cycle": 0.06844726204872131,
    "connectedness": 0.9848608046181355,
    "hf_coherence": -0.314074049393336,
    "hf_noise_index": 398.29880666599513,
    "energy_gap_low": 0.7989013649948036,
    "energy_gap_mid": 2.3123733632237156,
    "energy_gap_high": 1.5993153904003399,
    "energy_mono_rate": 1.0,
    "e_core_start": 0.10191834438592196,
    "e_core_end": 0.02872880967333913,
    "e_core_drop": 0.07318953471258283,
    "converge_step": 15,
    "hue_var": 0.044332463294267654,
    "color_kl": 0.3545064727465312,
    "act_rate_kl": 0.08707848191261292,
    "prior_type": "channel_stats",
    "lambda_global": 3.0,
    "e_global_start": 0.07520597148686647,
    "e_global_end": 0.045170477125793695
  },
  "spatial_cov_lam0.3": {
    "violation": 0.0076904296875,
    "diversity": 0.3116181640625,
    "cycle": 0.08680175244808197,
    "connectedness": 0.9848527639651498,
    "hf_coherence": -0.3127802809079488,
    "hf_noise_index": 541.7347897173069,
    "energy_gap_low": 0.22811036873679108,
    "energy_gap_mid": 1.457471299140922,
    "energy_gap_high": 0.17881790005552256,
    "energy_mono_rate": 0.8947368421052632,
    "e_core_start": 0.09291090443730354,
    "e_core_end": 0.03862647293135524,
    "e_core_drop": 0.054284431505948305,
    "converge_step": 11,
    "hue_var": 2.7850124835968018,
    "color_kl": 0.09601230422655742,
    "act_rate_kl": 0.017458293586969376,
    "prior_type": "spatial_cov",
    "lambda_global": 0.3,
    "e_global_start": 208596.771484375,
    "e_global_end": 9323091.0
  },
  "spatial_cov_lam1.0": {
    "violation": 0.0073388670571148396,
    "diversity": 0.3003125,
    "cycle": 0.08105224370956421,
    "connectedness": 0.9895183172705708,
    "hf_coherence": -0.30903977155685425,
    "hf_noise_index": 583.5669739318193,
    "energy_gap_low": 0.19531740336906625,
    "energy_gap_mid": 1.044573797567846,
    "energy_gap_high": 0.0017717236425733014,
    "energy_mono_rate": 0.7894736842105263,
    "e_core_start": 0.15822075866162777,
    "e_core_end": 0.03712345892563462,
    "e_core_drop": 0.12109729973599315,
    "converge_step": 10,
    "hue_var": 2.4651618003845215,
    "color_kl": 0.09443956365187962,
    "act_rate_kl": 0.013937147334218025,
    "prior_type": "spatial_cov",
    "lambda_global": 1.0,
    "e_global_start": 71405.94873046875,
    "e_global_end": 10099609.5
  },
  "spatial_cov_lam3.0": {
    "violation": 0.0076660155318677425,
    "diversity": 0.32108740234375,
    "cycle": 0.08014648407697678,
    "connectedness": 0.990896757237035,
    "hf_coherence": -0.30869773030281067,
    "hf_noise_index": 601.933729530287,
    "energy_gap_low": 0.19397909849388534,
    "energy_gap_mid": 0.8639105044914899,
    "energy_gap_high": 0.09566983517635033,
    "energy_mono_rate": 0.6842105263157895,
    "e_core_start": 0.1552192997187376,
    "e_core_end": 0.03711843630298972,
    "e_core_drop": 0.11810086341574788,
    "converge_step": 10,
    "hue_var": 1.841606616973877,
    "color_kl": 0.10496100038290024,
    "act_rate_kl": 0.013003088533878326,
    "prior_type": "spatial_cov",
    "lambda_global": 3.0,
    "e_global_start": 43338.7431640625,