{
  "16bit_baseline": {
    "violation": 0.004138183314353228,
    "diversity": 0.3502177734375,
    "cycle": 0.056975096464157104,
    "connectedness": 0.6954566028789649,
    "hf_coherence": -0.3099199632803599,
    "hf_noise_index": 1012.8884913721582,
    "energy_gap_low": 0.4624007312808411,
    "energy_gap_mid": 0.3614207364954222,
    "energy_gap_high": 0.7878103786716913,
    "energy_mono_rate": 0.9473684210526315,
    "e_core_start": 0.16493206657469273,
    "e_core_end": 0.027942275628447533,
    "e_core_drop": 0.1369897909462452,
    "converge_step": 15,
    "hue_var": 0.0006163408979773521,
    "color_kl": 1.8232940832773845,
    "act_rate_kl": 0.10432524979114532,
    "n_bits": 16,
    "lambda_global": 0.0,
    "oracle_mse": 0.0013653946807608008
  },
  "16bit_spatial_cov_0.3": {
    "violation": 0.004489745944738388,
    "diversity": 0.42820947265625,
    "cycle": 0.07955078035593033,
    "connectedness": 0.9922016842633338,
    "hf_coherence": -0.3102577229340871,
    "hf_noise_index": 413.35547127270024,
    "energy_gap_low": 1.0536610429511093,
    "energy_gap_mid": 2.2546078247007393,
    "energy_gap_high": 1.4208001096340022,
    "energy_mono_rate": 1.0,
    "e_core_start": 0.10486629884690046,
    "e_core_end": 0.028317355550825596,
    "e_core_drop": 0.07654894329607487,
    "converge_step": 14,
    "hue_var": 0.002755669876933098,
    "color_kl": 2.6927384535471597,
    "act_rate_kl": 0.19618499279022217,
    "n_bits": 16,
    "lambda_global": 0.3,
    "oracle_mse": 0.0015900135040283203
  },
  "24bit_baseline": {
    "violation": 0.023572592064738274,
    "diversity": 0.4240527341365814,
    "cycle": 0.10902181267738342,
    "connectedness": 0.9528847027665631,
    "hf_coherence": -0.3220187226931254,
    "hf_noise_index": 258.26665095281163,
    "energy_gap_low": 0.6524818621130215,
    "energy_gap_mid": 6.978916582531737,
    "energy_gap_high": 5.713296123652183,
    "energy_mono_rate": 1.0,
    "e_core_start": 0.2661573924124241,
    "e_core_end": 0.07400547340512276,
    "e_core_drop": 0.19215191900730133,
    "converge_step": 16,
    "hue_var": 0.002057751640677452,
    "color_kl": 1.2939853270848591,
    "act_rate_kl": 0.26625803112983704,
    "n_bits": 24,
    "lambda_global": 0.0,
    "oracle_mse": 0.001345745287835598
  },
  "24bit_spatial_cov_0.3": {
    "violation": 0.02261556126177311,
    "diversity": 0.4053453774452209,
    "cycle": 0.12292318046092987,
    "connectedness": 0.7678599130765537,
    "hf_coherence": -0.3234704037507375,
    "hf_noise_index": 208.0442077416027,
    "energy_gap_low": 0.4138457376983786,
    "energy_gap_mid": 6.698547815721425,
    "energy_gap_high": 7.72749769724119,
    "energy_mono_rate": 0.9473684210526315,
    "e_core_start": 0.21679892763495445,
    "e_core_end": 0.07332282327115536,
    "e_core_drop": 0.1434761043637991,
    "converge_step": 14,
    "hue_var": 0.0030369695741683245,
    "color_kl": 0.6409308115641276,
    "act_rate_kl": 0.2829262316226959,
    "n_bits": 24,
    "lambda_global": 0.3,
    "oracle_mse": 0.0011614167597144842
  },
  "24bit_spatial_cov_1.0": {
    "violation": 0.01601562462747097,
    "diversity": 0.24303776028752327,
    "cycle": 0.1245931014418602,
    "connectedness": 0.999969685421462,
    "hf_coherence": -0.31078734000523883,
    "hf_noise_index": 472.57863563253693,
    "energy_gap_low": 1.9554874784235163,
    "energy_gap_mid": 0.5897590507555794,
    "energy_gap_high": 0.13569916632458415,
    "energy_mono_rate": 0.631578947368421,
    "e_core_start": 0.16136674396693707,
    "e_core_end": 0.05568650737404823,
    "e_core_drop": 0.10568023659288883,
    "converge_step": 12,
    "hue_var": 0.0007084747194312513,
    "color_kl": 20.41536521911621,
    "act_rate_kl": 0.6763425469398499,
    "n_bits": 24,
    "lambda_global": 1.0,
    "oracle_mse": 0.001206170185469091
  },
  "24bit_spatial_cov_3.0": {
    "violation": 0.014285482466220856,
    "diversity": 0.07045507818460464,
    "cycle": 0.11456543207168579,
    "connectedness": 0.9999700897308075,
    "hf_coherence": -0.3170557419459025,
    "hf_noise_index": 505.90326721446496,
    "energy_gap_low": 2.089438350966347,
    "energy_gap_mid": 0.8444474639779038,
    "energy_gap_high": 0.8963597237898229,
    "energy_mono_rate": 0.42105263157894735,
    "e_core_start": 0.10813386552035809,
    "e_core_end": 0.057306719943881035,
    "e_core_drop": 0.05082714557647705,
    "converge_step": 5,
    "hue_var": 0.0001471304422011599,
    "color_kl": 21.274226506551106,
    "act_rate_kl": 3.126734733581543,
    "n_bits": 24,
    "lambda_global": 3.0,
    "oracle_mse": 0.0011273262789472938
  }
}