{
  "gaussian_start": {
    "violation": 0.0009277343633584678,
    "diversity": 0.45148388671875,
    "cycle": 0.05039306357502937,
    "connectedness": 0.9980979530353246,
    "hf_coherence": -0.31456678609053296,
    "hf_noise_index": 732.0447911509905,
    "energy_gap_low": 0.26599456084101586,
    "energy_gap_mid": 0.8486941745530316,
    "energy_gap_high": 0.27312114031625734,
    "energy_mono_rate": 1.0,
    "e_core_start": 0.0606076717376709,
    "e_core_end": 0.011521526612341404,
    "e_core_drop": 0.049086145125329494,
    "converge_step": 10,
    "hue_var": 0.0010338654974475503,
    "z_mmd": 0.0036524850875139236,
    "marginal_kl": 0.03475915640592575,
    "final_delta_u": 4.771323204040527
  },
  "marginal_start": {
    "violation": 0.00013916015450377017,
    "diversity": 0.22813525390625,
    "cycle": 0.02894286997616291,
    "connectedness": 0.9984165887639872,
    "hf_coherence": -0.31603363156318665,
    "hf_noise_index": 986.4760461489414,
    "energy_gap_low": 0.43382571404008724,
    "energy_gap_mid": 0.8416366759636811,
    "energy_gap_high": 0.9391143843774415,
    "energy_mono_rate": 1.0,
    "e_core_start": 0.10122871398925781,
    "e_core_end": 0.006901646498590708,
    "e_core_drop": 0.0943270674906671,
    "converge_step": 8,
    "hue_var": 0.00021060218568891287,
    "z_mmd": 0.07443127781152725,
    "marginal_kl": 0.33650070428848267,
    "final_delta_u": 6.792818069458008
  },
  "mixture_K8": {
    "violation": 0.00041992185288108885,
    "diversity": 0.30537255859375,
    "cycle": 0.040092773735523224,
    "connectedness": 0.941142496538404,
    "hf_coherence": -0.31733280420303345,
    "hf_noise_index": 932.5823074517303,
    "energy_gap_low": 0.21341039572017434,
    "energy_gap_mid": 0.8415012228680275,
    "energy_gap_high": 0.935341175234782,
    "energy_mono_rate": 1.0,
    "e_core_start": 0.07610650360584259,
    "e_core_end": 0.007026500068604946,
    "e_core_drop": 0.06908000353723764,
    "converge_step": 8,
    "hue_var": 0.025525018572807312,
    "z_mmd": 0.058353275060653687,
    "marginal_kl": 0.13774634897708893,
    "final_delta_u": 6.9786787033081055
  },
  "mixture_K16": {
    "violation": 0.0004223632859066129,
    "diversity": 0.310708984375,
    "cycle": 0.03963867202401161,
    "connectedness": 0.8989871705938218,
    "hf_coherence": -0.32005058725674945,
    "hf_noise_index": 817.3637755121157,
    "energy_gap_low": 0.218332249755595,
    "energy_gap_mid": 0.8439889547869663,
    "energy_gap_high": 0.9296263813000555,
    "energy_mono_rate": 1.0,
    "e_core_start": 0.07210808247327805,
    "e_core_end": 0.007066189311444759,
    "e_core_drop": 0.06504189316183329,
    "converge_step": 8,
    "hue_var": 0.02485216222703457,
    "z_mmd": 0.056467533111572266,
    "marginal_kl": 0.13972292840480804,
    "final_delta_u": 6.879488468170166
  },
  "gaussian_plus_cov": {
    "violation": 0.0008276366861537099,
    "diversity": 0.44914794921875,
    "cycle": 0.049223631620407104,
    "connectedness": 0.9981258584545905,
    "hf_coherence": -0.31510291000207263,
    "hf_noise_index": 724.443241221715,
    "energy_gap_low": 0.2785384601208051,
    "energy_gap_mid": 0.8541716242859096,
    "energy_gap_high": 0.254515754184039,
    "energy_mono_rate": 1.0,
    "e_core_start": 0.060531310737133026,
    "e_core_end": 0.01136768888682127,
    "e_core_drop": 0.049163621850311756,
    "converge_step": 8,
    "hue_var": 0.0012442517327144742,
    "z_mmd": 0.0037204213440418243,
    "marginal_kl": 0.03548978269100189,
    "final_delta_u": 4.73676872253418
  },
  "marginal_plus_cov": {
    "violation": 0.00013916015450377017,
    "diversity": 0.226677734375,
    "cycle": 0.02930908091366291,
    "connectedness": 0.9965947524294334,
    "hf_coherence": -0.314185510079066,
    "hf_noise_index": 987.2364995962084,
    "energy_gap_low": 0.42748755661085425,
    "energy_gap_mid": 0.8417605585211626,
    "energy_gap_high": 0.9387698572640844,
    "energy_mono_rate": 1.0,
    "e_core_start": 0.1010725200176239,
    "e_core_end": 0.006968063767999411,
    "e_core_drop": 0.09410445624962449,
    "converge_step": 8,
    "hue_var": 0.00023528629390057176,
    "z_mmd": 0.07653606683015823,
    "marginal_kl": 0.34682464599609375,
    "final_delta_u": 6.77423095703125
  },
  "mixture_K8_plus_cov": {
    "violation": 0.00042724609375,
    "diversity": 0.30040673828125,
    "cycle": 0.040839843451976776,
    "connectedness": 0.9352602061579534,
    "hf_coherence": -0.3192518452803294,
    "hf_noise_index": 911.3275923585155,
    "energy_gap_low": 0.23620893878661012,
    "energy_gap_mid": 0.8517949463592402,
    "energy_gap_high": 0.9374987162628169,
    "energy_mono_rate": 1.0,
    "e_core_start": 0.07700654864311218,
    "e_core_end": 0.007086919620633125,
    "e_core_drop": 0.06991962902247906,
    "converge_step": 8,
    "hue_var": 0.0217901524156332,
    "z_mmd": 0.055889029055833817,
    "marginal_kl": 0.15244880318641663,
    "final_delta_u": 6.803344249725342
  }
}